Name,Title,URL,Year,Rating,Reviewers
The Shawshank Redemption,"Frank Darabont (dir.), Tim Robbins, Morgan Freeman",https://www.imdb.com//title/tt0111161/,1994,9.2,2168131
The Godfather,"Francis Ford Coppola (dir.), Marlon Brando, Al Pacino",https://www.imdb.com//title/tt0068646/,1972,9.1,1490656
The Godfather: Part II,"Francis Ford Coppola (dir.), Al Pacino, Robert De Niro",https://www.imdb.com//title/tt0071562/,1974,9.0,1040661
The Dark Knight,"Christopher Nolan (dir.), Christian Bale, Heath Ledger",https://www.imdb.com//title/tt0468569/,2008,9.0,2147248
12 Angry Men,"Sidney Lumet (dir.), Henry Fonda, Lee J. Cobb",https://www.imdb.com//title/tt0050083/,1957,8.9,625542
Schindler's List,"Steven Spielberg (dir.), Liam Neeson, Ralph Fiennes",https://www.imdb.com//title/tt0108052/,1993,8.9,1128187
The Lord of the Rings: The Return of the King,"Peter Jackson (dir.), Elijah Wood, Viggo Mortensen",https://www.imdb.com//title/tt0167260/,2003,8.9,1540827
Pulp Fiction,"Quentin Tarantino (dir.), John Travolta, Uma Thurman",https://www.imdb.com//title/tt0110912/,1994,8.9,1702336
"The Good, the Bad and the Ugly","Sergio Leone (dir.), Clint Eastwood, Eli Wallach",https://www.imdb.com//title/tt0060196/,1966,8.8,643558
Fight Club,"David Fincher (dir.), Brad Pitt, Edward Norton",https://www.imdb.com//title/tt0137523/,1999,8.8,1732149
The Lord of the Rings: The Fellowship of the Ring,"Peter Jackson (dir.), Elijah Wood, Ian McKellen",https://www.imdb.com//title/tt0120737/,2001,8.8,1554454
Forrest Gump,"Robert Zemeckis (dir.), Tom Hanks, Robin Wright",https://www.imdb.com//title/tt0109830/,1994,8.8,1669883
Inception,"Christopher Nolan (dir.), Leonardo DiCaprio, Joseph Gordon-Levitt",https://www.imdb.com//title/tt1375666/,2010,8.7,1900442
Star Wars: Episode V - The Empire Strikes Back,"Irvin Kershner (dir.), Mark Hamill, Harrison Ford",https://www.imdb.com//title/tt0080684/,1980,8.7,1083788
The Lord of the Rings: The Two Towers,"Peter Jackson (dir.), Elijah Wood, Ian McKellen",https://www.imdb.com//title/tt0167261/,2002,8.7,1392305
The Matrix,"Lana Wachowski (dir.), Keanu Reeves, Laurence Fishburne",https://www.imdb.com//title/tt0133093/,1999,8.6,1560890
Goodfellas,"Martin Scorsese (dir.), Robert De Niro, Ray Liotta",https://www.imdb.com//title/tt0099685/,1990,8.6,940669
One Flew Over the Cuckoo's Nest,"Milos Forman (dir.), Jack Nicholson, Louise Fletcher",https://www.imdb.com//title/tt0073486/,1975,8.6,856007
Joker,"Todd Phillips (dir.), Joaquin Phoenix, Robert De Niro",https://www.imdb.com//title/tt7286456/,2019,8.6,520004
Seven Samurai,"Akira Kurosawa (dir.), Toshirô Mifune, Takashi Shimura",https://www.imdb.com//title/tt0047478/,1954,8.6,293489
Se7en,"David Fincher (dir.), Morgan Freeman, Brad Pitt",https://www.imdb.com//title/tt0114369/,1995,8.6,1333206
Cidade de Deus,"Fernando Meirelles (dir.), Alexandre Rodrigues, Leandro Firmino",https://www.imdb.com//title/tt0317248/,2002,8.6,661344
Life Is Beautiful,"Roberto Benigni (dir.), Roberto Benigni, Nicoletta Braschi",https://www.imdb.com//title/tt0118799/,1997,8.6,573397
The Silence of the Lambs,"Jonathan Demme (dir.), Jodie Foster, Anthony Hopkins",https://www.imdb.com//title/tt0102926/,1991,8.6,1174940
It's a Wonderful Life,"Frank Capra (dir.), James Stewart, Donna Reed",https://www.imdb.com//title/tt0038650/,1946,8.6,368861
Star Wars,"George Lucas (dir.), Mark Hamill, Harrison Ford",https://www.imdb.com//title/tt0076759/,1977,8.6,1152497
Saving Private Ryan,"Steven Spielberg (dir.), Tom Hanks, Matt Damon",https://www.imdb.com//title/tt0120815/,1998,8.5,1148580
Spirited Away,"Hayao Miyazaki (dir.), Daveigh Chase, Suzanne Pleshette",https://www.imdb.com//title/tt0245429/,2001,8.5,579840
The Green Mile,"Frank Darabont (dir.), Tom Hanks, Michael Clarke Duncan",https://www.imdb.com//title/tt0120689/,1999,8.5,1055143
Interstellar,"Christopher Nolan (dir.), Matthew McConaughey, Anne Hathaway",https://www.imdb.com//title/tt0816692/,2014,8.5,1355287
Léon: The Professional,"Luc Besson (dir.), Jean Reno, Gary Oldman",https://www.imdb.com//title/tt0110413/,1994,8.5,959724
The Usual Suspects,"Bryan Singer (dir.), Kevin Spacey, Gabriel Byrne",https://www.imdb.com//title/tt0114814/,1995,8.5,931697
Seppuku,"Masaki Kobayashi (dir.), Tatsuya Nakadai, Akira Ishihama",https://www.imdb.com//title/tt0056058/,1962,8.5,28608
Parasite,"Bong Joon Ho (dir.), Kang-ho Song, Sun-kyun Lee",https://www.imdb.com//title/tt6751668/,2019,8.5,99364
The Lion King,"Roger Allers (dir.), Matthew Broderick, Jeremy Irons",https://www.imdb.com//title/tt0110357/,1994,8.5,875789
American History X,"Tony Kaye (dir.), Edward Norton, Edward Furlong",https://www.imdb.com//title/tt0120586/,1998,8.5,977343
Back to the Future,"Robert Zemeckis (dir.), Michael J. Fox, Christopher Lloyd",https://www.imdb.com//title/tt0088763/,1985,8.5,969557
Terminator 2: Judgment Day,"James Cameron (dir.), Arnold Schwarzenegger, Linda Hamilton",https://www.imdb.com//title/tt0103064/,1991,8.5,938551
The Pianist,"Roman Polanski (dir.), Adrien Brody, Thomas Kretschmann",https://www.imdb.com//title/tt0253474/,2002,8.5,668528
Modern Times,"Charles Chaplin (dir.), Charles Chaplin, Paulette Goddard",https://www.imdb.com//title/tt0027977/,1936,8.5,199108
Psycho,"Alfred Hitchcock (dir.), Anthony Perkins, Janet Leigh",https://www.imdb.com//title/tt0054215/,1960,8.5,557595
Gladiator,"Ridley Scott (dir.), Russell Crowe, Joaquin Phoenix",https://www.imdb.com//title/tt0172495/,2000,8.5,1251430
The Intouchables,"Olivier Nakache (dir.), François Cluzet, Omar Sy",https://www.imdb.com//title/tt1675434/,2011,8.5,701372
City Lights,"Charles Chaplin (dir.), Charles Chaplin, Virginia Cherrill",https://www.imdb.com//title/tt0021749/,1931,8.5,153435
The Departed,"Martin Scorsese (dir.), Leonardo DiCaprio, Matt Damon",https://www.imdb.com//title/tt0407887/,2006,8.5,1108577
Whiplash,"Damien Chazelle (dir.), Miles Teller, J.K. Simmons",https://www.imdb.com//title/tt2582802/,2014,8.5,645952
Once Upon a Time in the West,"Sergio Leone (dir.), Henry Fonda, Charles Bronson",https://www.imdb.com//title/tt0064116/,1968,8.5,280613
The Prestige,"Christopher Nolan (dir.), Christian Bale, Hugh Jackman",https://www.imdb.com//title/tt0482571/,2006,8.5,1099473
Casablanca,"Michael Curtiz (dir.), Humphrey Bogart, Ingrid Bergman",https://www.imdb.com//title/tt0034583/,1942,8.4,489429
Grave of the Fireflies,"Isao Takahata (dir.), Tsutomu Tatsumi, Ayano Shiraishi",https://www.imdb.com//title/tt0095327/,1988,8.4,207382
Rear Window,"Alfred Hitchcock (dir.), James Stewart, Grace Kelly",https://www.imdb.com//title/tt0047396/,1954,8.4,412109
Cinema Paradiso,"Giuseppe Tornatore (dir.), Philippe Noiret, Enzo Cannavale",https://www.imdb.com//title/tt0095765/,1988,8.4,209565
Alien,"Ridley Scott (dir.), Sigourney Weaver, Tom Skerritt",https://www.imdb.com//title/tt0078748/,1979,8.4,736264
Raiders of the Lost Ark,"Steven Spielberg (dir.), Harrison Ford, Karen Allen",https://www.imdb.com//title/tt0082971/,1981,8.4,833225
Apocalypse Now,"Francis Ford Coppola (dir.), Martin Sheen, Marlon Brando",https://www.imdb.com//title/tt0078788/,1979,8.4,565617
Memento,"Christopher Nolan (dir.), Guy Pearce, Carrie-Anne Moss",https://www.imdb.com//title/tt0209144/,2000,8.4,1056131
The Great Dictator,"Charles Chaplin (dir.), Charles Chaplin, Paulette Goddard",https://www.imdb.com//title/tt0032553/,1940,8.4,187465
Avengers: Endgame,"Anthony Russo (dir.), Robert Downey Jr., Chris Evans",https://www.imdb.com//title/tt4154796/,2019,8.4,619762
The Lives of Others,"Florian Henckel von Donnersmarck (dir.), Ulrich Mühe, Martina Gedeck",https://www.imdb.com//title/tt0405094/,2006,8.4,333245
Django Unchained,"Quentin Tarantino (dir.), Jamie Foxx, Christoph Waltz",https://www.imdb.com//title/tt1853728/,2012,8.4,1254535
Avengers: Infinity War,"Anthony Russo (dir.), Robert Downey Jr., Chris Hemsworth",https://www.imdb.com//title/tt4154756/,2018,8.4,731293
The Shining,"Stanley Kubrick (dir.), Jack Nicholson, Shelley Duvall",https://www.imdb.com//title/tt0081505/,1980,8.4,822277
Paths of Glory,"Stanley Kubrick (dir.), Kirk Douglas, Ralph Meeker",https://www.imdb.com//title/tt0050825/,1957,8.4,162581
Spider-Man: Into the Spider-Verse,"Bob Persichetti (dir.), Shameik Moore, Jake Johnson",https://www.imdb.com//title/tt4633694/,2018,8.4,281434
WALL·E,"Andrew Stanton (dir.), Ben Burtt, Elissa Knight",https://www.imdb.com//title/tt0910970/,2008,8.4,935016
Princess Mononoke,"Hayao Miyazaki (dir.), Yôji Matsuda, Yuriko Ishida",https://www.imdb.com//title/tt0119698/,1997,8.4,305556
Sunset Blvd.,"Billy Wilder (dir.), William Holden, Gloria Swanson",https://www.imdb.com//title/tt0043014/,1950,8.4,185580
Dr. Strangelove or: How I Learned to Stop Worrying and Love the Bomb,"Stanley Kubrick (dir.), Peter Sellers, George C. Scott",https://www.imdb.com//title/tt0057012/,1964,8.4,425320
Oldeuboi,"Chan-wook Park (dir.), Min-sik Choi, Ji-Tae Yoo",https://www.imdb.com//title/tt0364569/,2003,8.4,474692
Witness for the Prosecution,"Billy Wilder (dir.), Tyrone Power, Marlene Dietrich",https://www.imdb.com//title/tt0051201/,1957,8.3,96954
The Dark Knight Rises,"Christopher Nolan (dir.), Christian Bale, Tom Hardy",https://www.imdb.com//title/tt1345836/,2012,8.3,1426323
Once Upon a Time in America,"Sergio Leone (dir.), Robert De Niro, James Woods",https://www.imdb.com//title/tt0087843/,1984,8.3,287357
Aliens,"James Cameron (dir.), Sigourney Weaver, Michael Biehn",https://www.imdb.com//title/tt0090605/,1986,8.3,616299
American Beauty,"Sam Mendes (dir.), Kevin Spacey, Annette Bening",https://www.imdb.com//title/tt0169547/,1999,8.3,1012381
Your Name.,"Makoto Shinkai (dir.), Ryûnosuke Kamiki, Mone Kamishiraishi",https://www.imdb.com//title/tt5311514/,2016,8.3,150824
Coco,"Lee Unkrich (dir.), Anthony Gonzalez, Gael García Bernal",https://www.imdb.com//title/tt2380307/,2017,8.3,309970
Braveheart,"Mel Gibson (dir.), Mel Gibson, Sophie Marceau",https://www.imdb.com//title/tt0112573/,1995,8.3,911577
Das Boot,"Wolfgang Petersen (dir.), Jürgen Prochnow, Herbert Grönemeyer",https://www.imdb.com//title/tt0082096/,1981,8.3,216769
3 Idiots,"Rajkumar Hirani (dir.), Aamir Khan, Madhavan",https://www.imdb.com//title/tt1187043/,2009,8.3,312465
Star Wars: Episode VI - Return of the Jedi,"Richard Marquand (dir.), Mark Hamill, Harrison Ford",https://www.imdb.com//title/tt0086190/,1983,8.3,886992
Taare Zameen Par,"Aamir Khan (dir.), Darsheel Safary, Aamir Khan",https://www.imdb.com//title/tt0986264/,2007,8.3,149646
Toy Story,"John Lasseter (dir.), Tom Hanks, Tim Allen",https://www.imdb.com//title/tt0114709/,1995,8.3,826521
Amadeus,"Milos Forman (dir.), F. Murray Abraham, Tom Hulce",https://www.imdb.com//title/tt0086879/,1984,8.3,346574
Reservoir Dogs,"Quentin Tarantino (dir.), Harvey Keitel, Tim Roth",https://www.imdb.com//title/tt0105236/,1992,8.3,857230
Inglourious Basterds,"Quentin Tarantino (dir.), Brad Pitt, Diane Kruger",https://www.imdb.com//title/tt0361748/,2009,8.3,1167252
Good Will Hunting,"Gus Van Sant (dir.), Robin Williams, Matt Damon",https://www.imdb.com//title/tt0119217/,1997,8.3,793743
M - Eine Stadt sucht einen Mörder,"Fritz Lang (dir.), Peter Lorre, Ellen Widmann",https://www.imdb.com//title/tt0022100/,1931,8.3,132595
Requiem for a Dream,"Darren Aronofsky (dir.), Ellen Burstyn, Jared Leto",https://www.imdb.com//title/tt0180093/,2000,8.3,719078
2001: A Space Odyssey,"Stanley Kubrick (dir.), Keir Dullea, Gary Lockwood",https://www.imdb.com//title/tt0062622/,1968,8.3,560550
Dangal,"Nitesh Tiwari (dir.), Aamir Khan, Sakshi Tanwar",https://www.imdb.com//title/tt5074352/,2016,8.3,132855
Vertigo,"Alfred Hitchcock (dir.), James Stewart, Kim Novak",https://www.imdb.com//title/tt0052357/,1958,8.3,332427
Eternal Sunshine of the Spotless Mind,"Michel Gondry (dir.), Jim Carrey, Kate Winslet",https://www.imdb.com//title/tt0338013/,2004,8.3,847399
Citizen Kane,"Orson Welles (dir.), Orson Welles, Joseph Cotten",https://www.imdb.com//title/tt0033467/,1941,8.3,373218
Jagten,"Thomas Vinterberg (dir.), Mads Mikkelsen, Thomas Bo Larsen",https://www.imdb.com//title/tt2106476/,2012,8.3,252357
Full Metal Jacket,"Stanley Kubrick (dir.), Matthew Modine, R. Lee Ermey",https://www.imdb.com//title/tt0093058/,1987,8.3,629318
North by Northwest,"Alfred Hitchcock (dir.), Cary Grant, Eva Marie Saint",https://www.imdb.com//title/tt0053125/,1959,8.3,279700
A Clockwork Orange,"Stanley Kubrick (dir.), Malcolm McDowell, Patrick Magee",https://www.imdb.com//title/tt0066921/,1971,8.3,710085
Snatch,"Guy Ritchie (dir.), Jason Statham, Brad Pitt",https://www.imdb.com//title/tt0208092/,2000,8.3,736953
The Kid,"Charles Chaplin (dir.), Charles Chaplin, Edna Purviance",https://www.imdb.com//title/tt0012349/,1921,8.2,102249
Bicycle Thieves,"Vittorio De Sica (dir.), Lamberto Maggiorani, Enzo Staiola",https://www.imdb.com//title/tt0040522/,1948,8.2,132919
Amelie,"Jean-Pierre Jeunet (dir.), Audrey Tautou, Mathieu Kassovitz",https://www.imdb.com//title/tt0211915/,2001,8.2,667525
Scarface,"Brian De Palma (dir.), Al Pacino, Michelle Pfeiffer",https://www.imdb.com//title/tt0086250/,1983,8.2,685358
Singin' in the Rain,"Stanley Donen (dir.), Gene Kelly, Donald O'Connor",https://www.imdb.com//title/tt0045152/,1952,8.2,203445
Taxi Driver,"Martin Scorsese (dir.), Robert De Niro, Jodie Foster",https://www.imdb.com//title/tt0075314/,1976,8.2,665464
Lawrence of Arabia,"David Lean (dir.), Peter O'Toole, Alec Guinness",https://www.imdb.com//title/tt0056172/,1962,8.2,249916
Toy Story 3,"Lee Unkrich (dir.), Tom Hanks, Tim Allen",https://www.imdb.com//title/tt0435761/,2010,8.2,710107
The Sting,"George Roy Hill (dir.), Paul Newman, Robert Redford",https://www.imdb.com//title/tt0070735/,1973,8.2,226497
Metropolis,"Fritz Lang (dir.), Brigitte Helm, Alfred Abel",https://www.imdb.com//title/tt0017136/,1927,8.2,149049
Per qualche dollaro in più,"Sergio Leone (dir.), Clint Eastwood, Lee Van Cleef",https://www.imdb.com//title/tt0059578/,1965,8.2,214171
Jodaeiye Nader az Simin,"Asghar Farhadi (dir.), Payman Maadi, Leila Hatami",https://www.imdb.com//title/tt1832382/,2011,8.2,203996
Double Indemnity,"Billy Wilder (dir.), Fred MacMurray, Barbara Stanwyck",https://www.imdb.com//title/tt0036775/,1944,8.2,132528
Ikiru,"Akira Kurosawa (dir.), Takashi Shimura, Nobuo Kaneko",https://www.imdb.com//title/tt0044741/,1952,8.2,60953
Capharnaüm,"Nadine Labaki (dir.), Zain Al Rafeea, Yordanos Shiferaw",https://www.imdb.com//title/tt8267604/,2018,8.2,33323
To Kill a Mockingbird,"Robert Mulligan (dir.), Gregory Peck, John Megna",https://www.imdb.com//title/tt0056592/,1962,8.2,279061
The Apartment,"Billy Wilder (dir.), Jack Lemmon, Shirley MacLaine",https://www.imdb.com//title/tt0053604/,1960,8.2,149675
Indiana Jones and the Last Crusade,"Steven Spielberg (dir.), Harrison Ford, Sean Connery",https://www.imdb.com//title/tt0097576/,1989,8.2,650970
Up,"Pete Docter (dir.), Edward Asner, Jordan Nagai",https://www.imdb.com//title/tt1049413/,2009,8.2,873033
Incendies,"Denis Villeneuve (dir.), Lubna Azabal, Mélissa Désormeaux-Poulin",https://www.imdb.com//title/tt1255953/,2010,8.2,130182
L.A. Confidential,"Curtis Hanson (dir.), Kevin Spacey, Russell Crowe",https://www.imdb.com//title/tt0119488/,1997,8.2,504381
Monty Python and the Holy Grail,"Terry Gilliam (dir.), Graham Chapman, John Cleese",https://www.imdb.com//title/tt0071853/,1975,8.2,473653
Heat,"Michael Mann (dir.), Al Pacino, Robert De Niro",https://www.imdb.com//title/tt0113277/,1995,8.2,538047
Rashomon,"Akira Kurosawa (dir.), Toshirô Mifune, Machiko Kyô",https://www.imdb.com//title/tt0042876/,1950,8.2,140146
Die Hard,"John McTiernan (dir.), Bruce Willis, Alan Rickman",https://www.imdb.com//title/tt0095016/,1988,8.2,738132
Batman Begins,"Christopher Nolan (dir.), Christian Bale, Michael Caine",https://www.imdb.com//title/tt0372784/,2005,8.2,1229228
Yojimbo,"Akira Kurosawa (dir.), Toshirô Mifune, Eijirô Tôno",https://www.imdb.com//title/tt0055630/,1961,8.2,101657
Unforgiven,"Clint Eastwood (dir.), Clint Eastwood, Gene Hackman",https://www.imdb.com//title/tt0105695/,1992,8.2,350791
Green Book,"Peter Farrelly (dir.), Viggo Mortensen, Mahershala Ali",https://www.imdb.com//title/tt6966692/,2018,8.2,267135
Downfall,"Oliver Hirschbiegel (dir.), Bruno Ganz, Alexandra Maria Lara",https://www.imdb.com//title/tt0363163/,2004,8.2,313086
Ford v Ferrari,"James Mangold (dir.), Matt Damon, Christian Bale",https://www.imdb.com//title/tt1950186/,2019,8.2,59000
Bacheha-Ye aseman,"Majid Majidi (dir.), Mohammad Amir Naji, Amir Farrokh Hashemian",https://www.imdb.com//title/tt0118849/,1997,8.2,56919
Marriage Story,"Noah Baumbach (dir.), Adam Driver, Scarlett Johansson",https://www.imdb.com//title/tt7653254/,2019,8.2,50276
Some Like It Hot,"Billy Wilder (dir.), Marilyn Monroe, Tony Curtis",https://www.imdb.com//title/tt0053291/,1959,8.2,227387
Howl's Moving Castle,"Hayao Miyazaki (dir.), Chieko Baishô, Takuya Kimura",https://www.imdb.com//title/tt0347149/,2004,8.2,292926
The Great Escape,"John Sturges (dir.), Steve McQueen, James Garner",https://www.imdb.com//title/tt0057115/,1963,8.2,210156
My Neighbor Totoro,"Hayao Miyazaki (dir.), Hitoshi Takagi, Noriko Hidaka",https://www.imdb.com//title/tt0096283/,1988,8.2,248375
Ran,"Akira Kurosawa (dir.), Tatsuya Nakadai, Akira Terao",https://www.imdb.com//title/tt0089881/,1985,8.2,102659
A Beautiful Mind,"Ron Howard (dir.), Russell Crowe, Ed Harris",https://www.imdb.com//title/tt0268978/,2001,8.2,792821
All About Eve,"Joseph L. Mankiewicz (dir.), Bette Davis, Anne Baxter",https://www.imdb.com//title/tt0042192/,1950,8.2,112575
Casino,"Martin Scorsese (dir.), Robert De Niro, Sharon Stone",https://www.imdb.com//title/tt0112641/,1995,8.2,428827
Pan's Labyrinth,"Guillermo del Toro (dir.), Ivana Baquero, Ariadna Gil",https://www.imdb.com//title/tt0457430/,2006,8.2,585585
Idi i smotri,"Elem Klimov (dir.), Aleksey Kravchenko, Olga Mironova",https://www.imdb.com//title/tt0091251/,1985,8.2,46178
Raging Bull,"Martin Scorsese (dir.), Robert De Niro, Cathy Moriarty",https://www.imdb.com//title/tt0081398/,1980,8.2,298578
El secreto de sus ojos,"Juan José Campanella (dir.), Ricardo Darín, Soledad Villamil",https://www.imdb.com//title/tt1305806/,2009,8.2,178134
"Lock, Stock and Two Smoking Barrels","Guy Ritchie (dir.), Jason Flemyng, Dexter Fletcher",https://www.imdb.com//title/tt0120735/,1998,8.2,504172
The Wolf of Wall Street,"Martin Scorsese (dir.), Leonardo DiCaprio, Jonah Hill",https://www.imdb.com//title/tt0993846/,2013,8.1,1074992
The Treasure of the Sierra Madre,"John Huston (dir.), Humphrey Bogart, Walter Huston",https://www.imdb.com//title/tt0040897/,1948,8.1,106492
Judgment at Nuremberg,"Stanley Kramer (dir.), Spencer Tracy, Burt Lancaster",https://www.imdb.com//title/tt0055031/,1961,8.1,63828
"Three Billboards Outside Ebbing, Missouri","Martin McDonagh (dir.), Frances McDormand, Woody Harrelson",https://www.imdb.com//title/tt5027774/,2017,8.1,371318
Babam ve Oglum,"Çagan Irmak (dir.), Çetin Tekindor, Fikret Kuskan",https://www.imdb.com//title/tt0476735/,2005,8.1,71183
Chinatown,"Roman Polanski (dir.), Jack Nicholson, Faye Dunaway",https://www.imdb.com//title/tt0071315/,1974,8.1,273738
The Gold Rush,"Charles Chaplin (dir.), Charles Chaplin, Mack Swain",https://www.imdb.com//title/tt0015864/,1925,8.1,92366
There Will Be Blood,"Paul Thomas Anderson (dir.), Daniel Day-Lewis, Paul Dano",https://www.imdb.com//title/tt0469494/,2007,8.1,477341
Dial M for Murder,"Alfred Hitchcock (dir.), Ray Milland, Grace Kelly",https://www.imdb.com//title/tt0046912/,1954,8.1,144858
V for Vendetta,"James McTeigue (dir.), Hugo Weaving, Natalie Portman",https://www.imdb.com//title/tt0434409/,2005,8.1,973861
Inside Out,"Pete Docter (dir.), Amy Poehler, Bill Hader",https://www.imdb.com//title/tt2096673/,2015,8.1,559136
Det sjunde inseglet,"Ingmar Bergman (dir.), Max von Sydow, Gunnar Björnstrand",https://www.imdb.com//title/tt0050976/,1957,8.1,148527
Warrior,"Gavin O'Connor (dir.), Tom Hardy, Nick Nolte",https://www.imdb.com//title/tt1291584/,2011,8.1,412325
No Country for Old Men,"Ethan Coen (dir.), Tommy Lee Jones, Javier Bardem",https://www.imdb.com//title/tt0477348/,2007,8.1,789468
The Irishman,"Martin Scorsese (dir.), Robert De Niro, Al Pacino",https://www.imdb.com//title/tt1302006/,2019,8.1,131675
Trainspotting,"Danny Boyle (dir.), Ewan McGregor, Ewen Bremner",https://www.imdb.com//title/tt0117951/,1996,8.1,603203
Room,"Lenny Abrahamson (dir.), Brie Larson, Jacob Tremblay",https://www.imdb.com//title/tt3170832/,2015,8.1,331796
The Elephant Man,"David Lynch (dir.), Anthony Hopkins, John Hurt",https://www.imdb.com//title/tt0080678/,1980,8.1,205335
Shutter Island,"Martin Scorsese (dir.), Leonardo DiCaprio, Emily Mortimer",https://www.imdb.com//title/tt1130884/,2010,8.1,1040768
The Sixth Sense,"M. Night Shyamalan (dir.), Bruce Willis, Haley Joel Osment",https://www.imdb.com//title/tt0167404/,1999,8.1,864174
The Thing,"John Carpenter (dir.), Kurt Russell, Wilford Brimley",https://www.imdb.com//title/tt0084787/,1982,8.1,343320
Gone with the Wind,"Victor Fleming (dir.), Clark Gable, Vivien Leigh",https://www.imdb.com//title/tt0031381/,1939,8.1,270674
The Bridge on the River Kwai,"David Lean (dir.), William Holden, Alec Guinness",https://www.imdb.com//title/tt0050212/,1957,8.1,190694
Blade Runner,"Ridley Scott (dir.), Harrison Ford, Rutger Hauer",https://www.imdb.com//title/tt0083658/,1982,8.1,647699
The Third Man,"Carol Reed (dir.), Orson Welles, Joseph Cotten",https://www.imdb.com//title/tt0041959/,1949,8.1,149194
On the Waterfront,"Elia Kazan (dir.), Marlon Brando, Karl Malden",https://www.imdb.com//title/tt0047296/,1954,8.1,132227
Jurassic Park,"Steven Spielberg (dir.), Sam Neill, Laura Dern",https://www.imdb.com//title/tt0107290/,1993,8.1,805451
Andhadhun,"Sriram Raghavan (dir.), Ayushmann Khurrana, Tabu",https://www.imdb.com//title/tt8108198/,2018,8.1,53013
Finding Nemo,"Andrew Stanton (dir.), Albert Brooks, Ellen DeGeneres",https://www.imdb.com//title/tt0266543/,2003,8.1,892990
Smultronstället,"Ingmar Bergman (dir.), Victor Sjöström, Bibi Andersson",https://www.imdb.com//title/tt0050986/,1957,8.1,87086
Fargo,"Joel Coen (dir.), William H. Macy, Frances McDormand",https://www.imdb.com//title/tt0116282/,1996,8.1,576444
Gran Torino,"Clint Eastwood (dir.), Clint Eastwood, Bee Vang",https://www.imdb.com//title/tt1205489/,2008,8.1,684503
Kill Bill: Vol. 1,"Quentin Tarantino (dir.), Uma Thurman, David Carradine",https://www.imdb.com//title/tt0266697/,2003,8.1,935814
Drishyam,"Jeethu Joseph (dir.), Mohanlal, Meena",https://www.imdb.com//title/tt3417422/,2013,8.1,27438
Eskiya,"Yavuz Turgul (dir.), Sener Sen, Ugur Yücel",https://www.imdb.com//title/tt0116231/,1996,8.1,57785
The Deer Hunter,"Michael Cimino (dir.), Robert De Niro, Christopher Walken",https://www.imdb.com//title/tt0077416/,1978,8.1,291747
Tôkyô monogatari,"Yasujirô Ozu (dir.), Chishû Ryû, Chieko Higashiyama",https://www.imdb.com//title/tt0046438/,1953,8.1,45992
Stalker,"Andrei Tarkovsky (dir.), Alisa Freyndlikh, Aleksandr Kaydanovskiy",https://www.imdb.com//title/tt0079944/,1979,8.1,102782
The Truman Show,"Peter Weir (dir.), Jim Carrey, Ed Harris",https://www.imdb.com//title/tt0120382/,1998,8.1,864714
The Big Lebowski,"Joel Coen (dir.), Jeff Bridges, John Goodman",https://www.imdb.com//title/tt0118715/,1998,8.1,681786
Relatos salvajes,"Damián Szifron (dir.), Darío Grandinetti, María Marull",https://www.imdb.com//title/tt3011894/,2014,8.1,157705
Mary and Max,"Adam Elliot (dir.), Toni Collette, Philip Seymour Hoffman",https://www.imdb.com//title/tt0978762/,2009,8.1,154801
In the Name of the Father,"Jim Sheridan (dir.), Daniel Day-Lewis, Pete Postlethwaite",https://www.imdb.com//title/tt0107207/,1993,8.1,145484
Gone Girl,"David Fincher (dir.), Ben Affleck, Rosamund Pike",https://www.imdb.com//title/tt2267998/,2014,8.1,787977
Hacksaw Ridge,"Mel Gibson (dir.), Andrew Garfield, Sam Worthington",https://www.imdb.com//title/tt2119532/,2016,8.1,386853
Salinui chueok,"Bong Joon Ho (dir.), Kang-ho Song, Sang-kyung Kim",https://www.imdb.com//title/tt0353969/,2003,8.1,109093
Klaus,"Sergio Pablos (dir.), Rashida Jones, Jason Schwartzman",https://www.imdb.com//title/tt4729430/,2019,8.1,25107
Mr. Smith Goes to Washington,"Frank Capra (dir.), James Stewart, Jean Arthur",https://www.imdb.com//title/tt0031679/,1939,8.1,100525
The General,"Clyde Bruckman (dir.), Buster Keaton, Marion Mack",https://www.imdb.com//title/tt0017925/,1926,8.1,74105
How to Train Your Dragon,"Dean DeBlois (dir.), Jay Baruchel, Gerard Butler",https://www.imdb.com//title/tt0892769/,2010,8.1,627552
Sherlock Jr.,"Buster Keaton (dir.), Buster Keaton, Kathryn McGuire",https://www.imdb.com//title/tt0015324/,1924,8.1,35479
The Grand Budapest Hotel,"Wes Anderson (dir.), Ralph Fiennes, F. Murray Abraham",https://www.imdb.com//title/tt2278388/,2014,8.1,653277
Persona,"Ingmar Bergman (dir.), Bibi Andersson, Liv Ullmann",https://www.imdb.com//title/tt0060827/,1966,8.1,90938
Before Sunrise,"Richard Linklater (dir.), Ethan Hawke, Julie Delpy",https://www.imdb.com//title/tt0112471/,1995,8.1,246423
Catch Me If You Can,"Steven Spielberg (dir.), Leonardo DiCaprio, Tom Hanks",https://www.imdb.com//title/tt0264464/,2002,8.1,749055
Cool Hand Luke,"Stuart Rosenberg (dir.), Paul Newman, George Kennedy",https://www.imdb.com//title/tt0061512/,1967,8.1,152420
Into the Wild,"Sean Penn (dir.), Emile Hirsch, Vince Vaughn",https://www.imdb.com//title/tt0758758/,2007,8.1,537001
Prisoners,"Denis Villeneuve (dir.), Hugh Jackman, Jake Gyllenhaal",https://www.imdb.com//title/tt1392214/,2013,8.1,546067
12 Years a Slave,"Steve McQueen (dir.), Chiwetel Ejiofor, Michael Kenneth Williams",https://www.imdb.com//title/tt2024544/,2013,8.1,594354
Le salaire de la peur,"Henri-Georges Clouzot (dir.), Yves Montand, Charles Vanel",https://www.imdb.com//title/tt0046268/,1953,8.1,49957
Network,"Sidney Lumet (dir.), Faye Dunaway, William Holden",https://www.imdb.com//title/tt0074958/,1976,8.1,135484
Stand by Me,"Rob Reiner (dir.), Wil Wheaton, River Phoenix",https://www.imdb.com//title/tt0092005/,1986,8.1,342185
Life of Brian,"Terry Jones (dir.), Graham Chapman, John Cleese",https://www.imdb.com//title/tt0079470/,1979,8.1,343891
Mad Max: Fury Road,"George Miller (dir.), Tom Hardy, Charlize Theron",https://www.imdb.com//title/tt1392190/,2015,8.1,809093
Platoon,"Oliver Stone (dir.), Charlie Sheen, Tom Berenger",https://www.imdb.com//title/tt0091763/,1986,8.1,359975
La passion de Jeanne d'Arc,"Carl Theodor Dreyer (dir.), Maria Falconetti, Eugene Silvain",https://www.imdb.com//title/tt0019254/,1928,8.1,42476
Barry Lyndon,"Stanley Kubrick (dir.), Ryan O'Neal, Marisa Berenson",https://www.imdb.com//title/tt0072684/,1975,8.1,137068
Million Dollar Baby,"Clint Eastwood (dir.), Hilary Swank, Clint Eastwood",https://www.imdb.com//title/tt0405159/,2004,8.1,599768
Rush,"Ron Howard (dir.), Daniel Brühl, Chris Hemsworth",https://www.imdb.com//title/tt1979320/,2013,8.1,404252
Hachi: A Dog's Tale,"Lasse Hallström (dir.), Richard Gere, Joan Allen",https://www.imdb.com//title/tt1028532/,2009,8.1,231711
Rang De Basanti,"Rakeysh Omprakash Mehra (dir.), Aamir Khan, Soha Ali Khan",https://www.imdb.com//title/tt0405508/,2006,8.1,103540
Andrei Rublev,"Andrei Tarkovsky (dir.), Anatoliy Solonitsyn, Ivan Lapikov",https://www.imdb.com//title/tt0060107/,1966,8.1,41025
Logan,"James Mangold (dir.), Hugh Jackman, Patrick Stewart",https://www.imdb.com//title/tt3315342/,2017,8.1,589715
Ben-Hur,"William Wyler (dir.), Charlton Heston, Jack Hawkins",https://www.imdb.com//title/tt0052618/,1959,8.1,206310
The Red Shoes,"Michael Powell (dir.), Anton Walbrook, Marius Goring",https://www.imdb.com//title/tt0040725/,1948,8.0,26582
Kaze no tani no Naushika,"Hayao Miyazaki (dir.), Sumi Shimamoto, Mahito Tsujimura",https://www.imdb.com//title/tt0087544/,1984,8.0,132465
Les quatre cents coups,"François Truffaut (dir.), Jean-Pierre Léaud, Albert Rémy",https://www.imdb.com//title/tt0053198/,1959,8.0,95461
Harry Potter and the Deathly Hallows: Part 2,"David Yates (dir.), Daniel Radcliffe, Emma Watson",https://www.imdb.com//title/tt1201607/,2011,8.0,710962
Hotel Rwanda,"Terry George (dir.), Don Cheadle, Sophie Okonedo",https://www.imdb.com//title/tt0395169/,2004,8.0,319431
Amores perros,"Alejandro G. Iñárritu (dir.), Emilio Echevarría, Gael García Bernal",https://www.imdb.com//title/tt0245712/,2000,8.0,211257
Dead Poets Society,"Peter Weir (dir.), Robin Williams, Robert Sean Leonard",https://www.imdb.com//title/tt0097165/,1989,8.0,385324
Spotlight,"Tom McCarthy (dir.), Mark Ruffalo, Michael Keaton",https://www.imdb.com//title/tt1895587/,2015,8.0,380388
Rebecca,"Alfred Hitchcock (dir.), Laurence Olivier, Joan Fontaine",https://www.imdb.com//title/tt0032976/,1940,8.0,113840
Ace in the Hole,"Billy Wilder (dir.), Kirk Douglas, Jan Sterling",https://www.imdb.com//title/tt0043338/,1951,8.0,26420
Rocky,"John G. Avildsen (dir.), Sylvester Stallone, Talia Shire",https://www.imdb.com//title/tt0075148/,1976,8.0,486254
White Heat,"Raoul Walsh (dir.), James Cagney, Virginia Mayo",https://www.imdb.com//title/tt0042041/,1949,8.0,26302
"Monsters, Inc.","Pete Docter (dir.), Billy Crystal, John Goodman",https://www.imdb.com//title/tt0198781/,2001,8.0,763244
Ah-ga-ssi,"Chan-wook Park (dir.), Min-hee Kim, Jung-woo Ha",https://www.imdb.com//title/tt4016934/,2016,8.0,87869
It Happened One Night,"Frank Capra (dir.), Clark Gable, Claudette Colbert",https://www.imdb.com//title/tt0025316/,1934,8.0,87058
La haine,"Mathieu Kassovitz (dir.), Vincent Cassel, Hubert Koundé",https://www.imdb.com//title/tt0113247/,1995,8.0,135853
Gangs of Wasseypur,"Anurag Kashyap (dir.), Manoj Bajpayee, Richa Chadha",https://www.imdb.com//title/tt1954470/,2012,8.0,72139
Lagaan: Once Upon a Time in India,"Ashutosh Gowariker (dir.), Aamir Khan, Raghuvir Yadav",https://www.imdb.com//title/tt0169102/,2001,8.0,96299
The Princess Bride,"Rob Reiner (dir.), Cary Elwes, Mandy Patinkin",https://www.imdb.com//title/tt0093779/,1987,8.0,369694
PK,"Rajkumar Hirani (dir.), Aamir Khan, Anushka Sharma",https://www.imdb.com//title/tt2338151/,2014,8.0,144841
Before Sunset,"Richard Linklater (dir.), Ethan Hawke, Julie Delpy",https://www.imdb.com//title/tt0381681/,2004,8.0,215460
The Help,"Tate Taylor (dir.), Emma Stone, Viola Davis",https://www.imdb.com//title/tt1454029/,2011,8.0,401822
Butch Cassidy and the Sundance Kid,"George Roy Hill (dir.), Paul Newman, Robert Redford",https://www.imdb.com//title/tt0064115/,1969,8.0,191943
Faa yeung nin wa,"Kar-Wai Wong (dir.), Tony Chiu-Wai Leung, Maggie Cheung",https://www.imdb.com//title/tt0118694/,2000,8.0,110442
The Terminator,"James Cameron (dir.), Arnold Schwarzenegger, Linda Hamilton",https://www.imdb.com//title/tt0088247/,1984,8.0,754679
Akira,"Katsuhiro Ôtomo (dir.), Mitsuo Iwata, Nozomu Sasaki",https://www.imdb.com//title/tt0094625/,1988,8.0,147703
"Paris, Texas","Wim Wenders (dir.), Harry Dean Stanton, Nastassja Kinski",https://www.imdb.com//title/tt0087884/,1984,8.0,78546
Munna Bhai M.B.B.S.,"Rajkumar Hirani (dir.), Sanjay Dutt, Arshad Warsi",https://www.imdb.com//title/tt0374887/,2003,8.0,67701
Aladdin,"Ron Clements (dir.), Scott Weinger, Robin Williams",https://www.imdb.com//title/tt0103639/,1992,8.0,340397
Guardians of the Galaxy,"James Gunn (dir.), Chris Pratt, Vin Diesel",https://www.imdb.com//title/tt2015381/,2014,8.0,985171
Mou gaan dou,"Andrew Lau (dir.), Andy Lau, Tony Chiu-Wai Leung",https://www.imdb.com//title/tt0338564/,2002,8.0,113561
La battaglia di Algeri,"Gillo Pontecorvo (dir.), Brahim Hadjadj, Jean Martin",https://www.imdb.com//title/tt0058946/,1966,8.0,48675
